osf_s_id,osf_block,split
268,1,test
268,2,test
268,3,test
528,1,test
528,2,test
528,3,test
528,4,test
528,5,test
185,1,test
185,2,test
185,3,test
185,4,test
185,5,test
611,1,test
611,2,test
611,3,test
611,4,test
611,5,test
544,1,test
544,2,test
544,3,test
542,1,test
542,2,test
542,3,test
425,1,test
425,2,test
425,3,test
808,1,test
808,2,test
808,3,test
808,4,test
808,5,test
249,1,test
249,2,test
249,3,test
249,4,test
249,5,test
715,1,test
715,2,test
715,3,test
715,4,test
715,5,test
581,1,test
581,2,test
581,3,test
581,4,test
581,5,test
485,1,test
485,2,test
485,3,test
485,4,test
485,5,test
154,1,test
154,2,test
154,3,test
154,4,test
154,5,test
608,1,test
608,2,test
608,3,test
608,4,test
608,5,test
413,1,test
413,2,test
413,3,test
413,4,test
413,5,test
109,1,test
109,2,test
109,3,test
109,4,test
109,5,test
374,1,test
374,2,test
374,3,test
374,4,test
374,5,test
263,1,test
263,2,test
263,3,test
263,4,test
263,5,test
737,1,test
737,2,test
737,3,test
737,4,test
737,5,test
300,1,test
300,2,test
300,3,test
300,4,test
300,5,test
852,1,test
852,2,test
852,3,test
852,4,test
852,5,test
39,1,test
39,2,test
39,3,test
39,4,test
39,5,test
282,1,test
282,2,test
282,3,test
282,4,test
282,5,test
196,1,test
196,2,test
196,3,test
196,4,test
196,5,test
390,1,test
390,2,test
390,3,test
4,1,test
4,2,test
4,3,test
4,4,test
4,5,test
835,2,test
835,3,test
835,4,test
835,5,test
593,1,test
593,2,test
593,3,test
593,4,test
593,5,test
117,1,test
117,2,test
117,3,test
117,4,test
117,5,test
188,1,test
188,2,test
188,3,test
188,4,test
188,5,test
70,1,test
70,2,test
70,3,test
70,4,test
70,5,test
369,1,test
369,2,test
369,3,test
369,4,test
369,5,test
663,1,test
663,2,test
663,3,test
663,4,test
663,5,test
396,1,test
396,2,test
396,3,test
396,4,test
396,5,test
410,1,test
410,2,test
410,3,test
410,4,test
410,5,test
591,1,test
591,2,test
591,3,test
591,4,test
591,5,test
686,1,test
686,2,test
686,3,test
686,4,test
686,5,test
673,1,test
673,2,test
673,3,test
673,4,test
673,5,test
170,1,test
170,2,test
170,3,test
170,4,test
170,5,test
498,1,test
498,2,test
498,3,test
51,1,test
51,2,test
51,3,test
51,4,test
51,5,test
692,1,test
692,2,test
692,3,test
692,4,test
692,5,test
585,1,test
585,2,test
585,3,test
585,4,test
585,5,test
744,1,test
744,2,test
744,3,test
744,4,test
744,5,test
790,1,test
790,2,test
790,3,test
790,4,test
790,5,test
713,1,test
713,2,test
713,3,test
713,4,test
713,5,test
404,1,test
404,2,test
404,3,test
404,4,test
404,5,test
788,1,test
788,2,test
788,3,test
788,4,test
788,5,test
94,1,test
94,2,test
94,3,test
94,4,test
94,5,test
376,1,test
376,2,test
376,3,test
376,4,test
376,5,test
474,1,test
474,2,test
474,3,test
474,4,test
474,5,test
147,1,test
147,2,test
147,3,test
147,4,test
147,5,test
651,1,test
651,2,test
651,3,test
651,4,test
651,5,test
290,1,test
290,2,test
290,3,test
290,4,test
290,5,test
601,1,test
601,2,test
601,3,test
601,4,test
601,5,test
191,1,test
191,2,test
191,3,test
698,1,test
698,2,test
698,3,test
698,4,test
698,5,test
88,1,test
88,2,test
88,3,test
88,4,test
88,5,test
40,1,test
40,2,test
40,3,test
40,4,test
40,5,test
465,1,test
465,2,test
465,3,test
465,4,test
465,5,test
846,1,test
846,2,test
846,3,test
846,4,test
846,5,test
619,1,test
619,2,test
619,3,test
619,4,test
619,5,test
371,1,test
371,2,test
371,3,test
371,4,test
371,5,test
757,1,test
757,2,test
757,3,test
757,4,test
757,5,test
193,1,test
193,2,test
193,3,test
193,4,test
193,5,test
214,1,test
214,2,test
214,3,test
214,4,test
214,5,test
359,1,test
359,2,test
359,3,test
359,4,test
359,5,test
391,1,test
391,2,test
391,3,test
391,4,test
391,5,test
853,1,test
853,2,test
853,3,test
853,4,test
853,5,test
102,1,test
102,2,test
102,3,test
102,4,test
102,5,test
273,1,test
273,2,test
273,3,test
273,4,test
273,5,test
213,1,test
213,2,test
213,3,test
213,4,test
213,5,test
237,1,test
237,2,test
237,3,test
206,1,test
206,2,test
206,3,test
206,4,test
206,5,test
260,1,test
260,2,test
260,3,test
260,4,test
260,5,test
174,1,test
174,2,test
174,3,test
174,4,test
174,5,test
626,1,test
626,2,test
626,3,test
626,4,test
626,5,test
536,1,test
536,2,test
536,3,test
536,4,test
536,5,test
349,1,test
349,2,test
349,3,test
349,4,test
349,5,test
728,1,test
728,2,test
728,3,test
728,4,test
728,5,test
592,1,test
592,2,test
592,3,test
592,4,test
592,5,test
583,1,test
583,2,test
583,3,test
583,4,test
583,5,test
231,1,test
231,2,test
231,3,test
231,4,test
231,5,test
789,1,test
789,2,test
789,3,test
789,4,test
789,5,test
741,1,test
741,2,test
741,3,test
741,4,test
741,5,test
29,1,test
29,2,test
29,3,test
29,4,test
29,5,test
342,1,valid
342,2,valid
342,3,valid
342,4,valid
342,5,valid
577,1,valid
577,2,valid
577,3,valid
577,4,valid
577,5,valid
822,1,valid
822,2,valid
822,3,valid
822,4,valid
822,5,valid
488,1,valid
488,2,valid
488,3,valid
488,4,valid
488,5,valid
283,1,valid
283,2,valid
283,3,valid
283,4,valid
283,5,valid
811,1,valid
811,2,valid
811,3,valid
811,4,valid
811,5,valid
854,1,valid
854,2,valid
854,3,valid
854,4,valid
854,5,valid
472,1,valid
472,2,valid
472,3,valid
472,4,valid
472,5,valid
423,1,valid
423,2,valid
423,3,valid
423,4,valid
423,5,valid
642,1,valid
642,2,valid
642,3,valid
642,4,valid
642,5,valid
306,1,valid
306,2,valid
306,3,valid
306,4,valid
306,5,valid
567,1,valid
567,2,valid
567,3,valid
567,4,valid
567,5,valid
17,1,valid
17,2,valid
17,3,valid
17,4,valid
17,5,valid
706,1,valid
706,2,valid
706,3,valid
706,4,valid
706,5,valid
145,1,valid
145,2,valid
145,3,valid
145,4,valid
145,5,valid
506,1,valid
506,2,valid
506,3,valid
506,4,valid
506,5,valid
276,1,valid
276,2,valid
276,3,valid
276,4,valid
276,5,valid
758,1,valid
758,2,valid
758,3,valid
758,4,valid
758,5,valid
222,1,valid
222,2,valid
222,3,valid
222,4,valid
222,5,valid
859,1,valid
859,2,valid
859,3,valid
859,4,valid
859,5,valid
86,1,valid
86,2,valid
86,3,valid
86,4,valid
86,5,valid
80,1,valid
80,2,valid
80,3,valid
80,4,valid
80,5,valid
838,1,valid
838,2,valid
838,3,valid
838,4,valid
838,5,valid
259,1,valid
259,2,valid
259,3,valid
259,4,valid
259,5,valid
348,1,valid
348,2,valid
348,3,valid
348,4,valid
348,5,valid
232,1,valid
232,2,valid
232,3,valid
232,4,valid
232,5,valid
83,1,valid
83,2,valid
83,3,valid
83,4,valid
83,5,valid
539,1,valid
539,2,valid
539,3,valid
539,4,valid
539,5,valid
71,1,valid
71,2,valid
71,3,valid
71,4,valid
71,5,valid
590,1,valid
590,2,valid
590,3,valid
590,4,valid
590,5,valid
701,1,valid
701,2,valid
701,3,valid
701,4,valid
701,5,valid
565,1,valid
565,2,valid
565,3,valid
565,4,valid
565,5,valid
606,1,valid
606,2,valid
606,3,valid
606,4,valid
606,5,valid
648,1,valid
648,2,valid
648,3,valid
292,1,valid
292,2,valid
292,3,valid
292,4,valid
292,5,valid
554,1,valid
554,2,valid
554,3,valid
554,4,valid
554,5,valid
394,1,valid
394,2,valid
394,4,valid
394,5,valid
540,1,valid
540,2,valid
540,3,valid
9,1,valid
9,2,valid
9,3,valid
750,1,valid
750,2,valid
750,3,valid
750,4,valid
750,5,valid
246,1,valid
246,2,valid
246,3,valid
246,4,valid
246,5,valid
278,1,valid
278,2,valid
278,3,valid
278,4,valid
278,5,valid
424,1,valid
424,2,valid
424,3,valid
424,4,valid
424,5,valid
10,1,valid
10,2,valid
10,3,valid
10,4,valid
10,5,valid
621,1,valid
621,2,valid
621,3,valid
621,4,valid
621,5,valid
340,1,valid
340,2,valid
340,3,valid
340,4,valid
340,5,valid
402,1,valid
402,2,valid
402,3,valid
402,4,valid
402,5,valid
99,1,valid
99,2,valid
99,3,valid
99,4,valid
99,5,valid
381,1,valid
381,2,valid
381,3,valid
381,4,valid
381,5,valid
35,1,valid
35,2,valid
35,3,valid
35,4,valid
35,5,valid
515,1,valid
515,2,valid
515,3,valid
515,4,valid
515,5,valid
11,1,valid
11,2,valid
11,3,valid
11,4,valid
11,5,valid
370,1,valid
370,2,valid
370,3,valid
370,4,valid
370,5,valid
722,1,valid
722,2,valid
722,3,valid
722,4,valid
722,5,valid
265,1,valid
265,2,valid
265,3,valid
265,4,valid
265,5,valid
85,1,valid
85,2,valid
85,3,valid
85,4,valid
85,5,valid
586,1,valid
586,2,valid
586,3,valid
586,4,valid
586,5,valid
239,1,valid
239,2,valid
239,3,valid
239,4,valid
239,5,valid
519,1,valid
519,2,valid
519,3,valid
519,4,valid
519,5,valid
653,1,valid
653,2,valid
653,3,valid
653,4,valid
653,5,valid
510,1,valid
510,2,valid
510,3,valid
510,4,valid
510,5,valid
512,1,valid
512,2,valid
512,3,valid
512,4,valid
512,5,valid
778,1,valid
778,2,valid
778,3,valid
778,4,valid
778,5,valid
142,1,valid
142,2,valid
142,3,valid
142,4,valid
142,5,valid
73,1,valid
73,2,valid
73,3,valid
73,4,valid
73,5,valid
162,1,valid
162,2,valid
162,3,valid
162,4,valid
162,5,valid
549,1,valid
549,2,valid
549,3,valid
549,4,valid
549,5,valid
694,1,valid
694,2,valid
694,3,valid
694,4,valid
694,5,valid
251,1,valid
251,2,valid
251,3,valid
251,4,valid
251,5,valid
453,1,valid
453,2,valid
453,3,valid
453,4,valid
453,5,valid
733,1,valid
733,2,valid
733,3,valid
733,4,valid
733,5,valid
296,1,valid
296,2,valid
296,3,valid
296,4,valid
296,5,valid
855,1,valid
855,2,valid
855,3,valid
855,4,valid
855,5,valid
405,1,valid
405,2,valid
405,3,valid
405,4,valid
405,5,valid
609,1,valid
609,2,valid
609,3,valid
609,4,valid
609,5,valid
291,1,valid
291,2,valid
291,3,valid
291,4,valid
291,5,valid
718,1,valid
718,3,valid
718,4,valid
718,5,valid
60,1,valid
60,2,valid
60,3,valid
60,4,valid
60,5,valid
204,1,valid
204,2,valid
204,3,valid
204,4,valid
204,5,valid
794,1,valid
794,2,valid
794,3,valid
794,4,valid
794,5,valid
551,1,valid
551,2,valid
551,3,valid
551,4,valid
551,5,valid
489,1,valid
489,2,valid
489,3,valid
828,1,valid
828,2,valid
828,3,valid
828,4,valid
828,5,valid
638,1,valid
638,2,valid
638,4,valid
638,5,valid
58,1,valid
58,2,valid
58,3,valid
58,4,valid
58,5,valid
618,1,valid
618,2,valid
618,3,valid
618,4,valid
618,5,valid
697,1,train
697,2,train
697,3,train
711,1,train
711,2,train
711,3,train
711,4,train
711,5,train
130,1,train
130,2,train
130,3,train
130,4,train
130,5,train
28,1,train
28,2,train
28,3,train
28,4,train
28,5,train
839,1,train
839,2,train
839,3,train
839,4,train
839,5,train
407,1,train
407,2,train
407,3,train
407,4,train
407,5,train
18,1,train
18,2,train
18,3,train
18,4,train
18,5,train
503,1,train
503,2,train
503,3,train
550,1,train
550,2,train
550,3,train
550,4,train
550,5,train
748,1,train
748,2,train
748,3,train
748,4,train
748,5,train
815,1,train
815,2,train
815,3,train
815,4,train
815,5,train
477,1,train
477,2,train
477,3,train
477,4,train
477,5,train
529,1,train
529,2,train
529,3,train
529,4,train
529,5,train
111,1,train
111,2,train
111,3,train
111,4,train
111,5,train
417,1,train
417,2,train
417,3,train
45,1,train
45,2,train
45,3,train
45,4,train
45,5,train
768,1,train
768,2,train
768,3,train
122,1,train
122,2,train
122,3,train
122,4,train
122,5,train
507,1,train
507,2,train
507,3,train
507,4,train
507,5,train
155,1,train
155,2,train
155,3,train
155,4,train
155,5,train
664,1,train
664,2,train
664,3,train
664,4,train
664,5,train
244,1,train
244,2,train
244,3,train
244,4,train
244,5,train
311,1,train
311,2,train
311,3,train
311,4,train
311,5,train
624,1,train
624,2,train
624,3,train
624,4,train
624,5,train
725,1,train
725,2,train
725,3,train
128,1,train
128,2,train
128,3,train
128,4,train
128,5,train
829,1,train
829,2,train
829,3,train
829,4,train
829,5,train
801,1,train
801,2,train
801,3,train
801,4,train
801,5,train
776,1,train
776,2,train
776,3,train
776,4,train
776,5,train
236,1,train
236,2,train
236,3,train
236,4,train
236,5,train
46,1,train
46,2,train
46,3,train
46,4,train
46,5,train
760,1,train
760,2,train
760,3,train
760,4,train
760,5,train
434,1,train
434,2,train
434,3,train
434,4,train
434,5,train
680,1,train
680,2,train
680,3,train
680,4,train
680,5,train
678,1,train
678,2,train
678,3,train
678,4,train
678,5,train
773,1,train
773,2,train
773,3,train
773,4,train
773,5,train
164,1,train
164,2,train
164,3,train
164,4,train
164,5,train
137,1,train
137,2,train
137,3,train
137,4,train
137,5,train
573,1,train
573,2,train
573,3,train
573,4,train
573,5,train
301,1,train
301,2,train
301,3,train
301,4,train
301,5,train
704,1,train
704,2,train
704,3,train
704,4,train
657,1,train
657,2,train
657,3,train
657,4,train
657,5,train
15,1,train
15,2,train
15,3,train
15,4,train
640,1,train
640,2,train
640,3,train
610,1,train
610,2,train
610,3,train
26,1,train
26,2,train
26,3,train
26,4,train
26,5,train
140,1,train
140,2,train
140,3,train
140,4,train
140,5,train
836,1,train
836,2,train
836,3,train
836,4,train
836,5,train
666,1,train
666,2,train
666,3,train
666,4,train
666,5,train
27,1,train
27,2,train
27,3,train
27,4,train
27,5,train
219,1,train
219,2,train
219,3,train
219,4,train
219,5,train
612,1,train
612,2,train
612,3,train
612,4,train
612,5,train
672,1,train
672,2,train
672,3,train
672,4,train
672,5,train
31,1,train
31,2,train
31,3,train
31,4,train
31,5,train
68,1,train
68,2,train
68,3,train
68,4,train
68,5,train
845,1,train
845,2,train
845,3,train
845,4,train
845,5,train
23,1,train
23,2,train
23,3,train
23,4,train
23,5,train
194,1,train
194,2,train
194,3,train
194,4,train
194,5,train
123,1,train
123,2,train
123,3,train
123,4,train
123,5,train
436,1,train
436,2,train
436,3,train
436,4,train
436,5,train
226,1,train
226,2,train
226,3,train
114,1,train
114,2,train
114,3,train
114,4,train
114,5,train
755,1,train
755,2,train
755,3,train
755,4,train
755,5,train
215,1,train
215,2,train
215,3,train
215,4,train
215,5,train
42,1,train
42,2,train
42,3,train
42,4,train
42,5,train
656,1,train
656,2,train
656,3,train
656,4,train
656,5,train
793,1,train
793,2,train
793,3,train
793,4,train
793,5,train
570,1,train
570,2,train
570,3,train
570,4,train
570,5,train
79,1,train
79,2,train
79,3,train
79,4,train
79,5,train
861,1,train
861,2,train
861,3,train
861,4,train
861,5,train
84,1,train
84,2,train
84,3,train
84,4,train
84,5,train
751,1,train
751,2,train
751,3,train
751,4,train
751,5,train
398,1,train
398,2,train
398,3,train
398,4,train
398,5,train
462,1,train
462,2,train
462,3,train
462,4,train
462,5,train
149,1,train
149,2,train
149,3,train
677,1,train
677,2,train
677,3,train
659,1,train
659,2,train
659,3,train
659,4,train
659,5,train
163,1,train
163,2,train
163,3,train
163,4,train
163,5,train
447,1,train
447,2,train
447,3,train
447,4,train
447,5,train
534,1,train
534,2,train
534,3,train
534,4,train
534,5,train
55,1,train
55,2,train
55,3,train
55,4,train
55,5,train
814,1,train
814,2,train
814,3,train
814,4,train
814,5,train
816,1,train
816,2,train
816,3,train
816,4,train
816,5,train
688,1,train
688,2,train
688,3,train
688,4,train
688,5,train
721,1,train
721,2,train
721,3,train
721,4,train
721,5,train
518,1,train
518,2,train
518,3,train
518,4,train
518,5,train
108,1,train
108,2,train
108,3,train
108,4,train
108,5,train
660,1,train
660,2,train
660,3,train
660,4,train
660,5,train
661,1,train
661,2,train
661,3,train
411,1,train
411,2,train
411,3,train
100,1,train
100,2,train
100,3,train
100,4,train
100,5,train
607,1,train
607,2,train
607,3,train
607,4,train
607,5,train
545,1,train
545,2,train
545,3,train
545,4,train
545,5,train
791,1,train
791,2,train
791,3,train
791,4,train
791,5,train
832,1,train
832,2,train
832,3,train
832,4,train
832,5,train
654,1,train
654,2,train
654,3,train
654,4,train
654,5,train
837,1,train
837,2,train
837,3,train
837,4,train
837,5,train
287,1,train
287,2,train
287,3,train
287,4,train
287,5,train
3,1,train
3,2,train
3,3,train
3,4,train
3,5,train
437,1,train
437,2,train
437,3,train
437,4,train
437,5,train
314,1,train
314,2,train
314,3,train
314,4,train
314,5,train
225,1,train
225,2,train
225,3,train
225,4,train
225,5,train
630,1,train
630,2,train
630,3,train
630,4,train
630,5,train
620,1,train
620,2,train
620,3,train
620,4,train
620,5,train
422,1,train
422,2,train
422,3,train
422,4,train
422,5,train
169,1,train
169,2,train
169,3,train
169,4,train
169,5,train
830,1,train
830,2,train
830,3,train
830,4,train
830,5,train
279,1,train
279,2,train
279,3,train
279,4,train
279,5,train
384,1,train
384,2,train
384,3,train
384,4,train
384,5,train
103,1,train
103,2,train
103,3,train
103,4,train
103,5,train
769,1,train
769,2,train
769,3,train
841,1,train
841,2,train
841,3,train
841,4,train
841,5,train
754,1,train
754,2,train
754,3,train
754,4,train
754,5,train
234,1,train
234,2,train
234,3,train
234,4,train
234,5,train
812,1,train
812,2,train
812,3,train
785,1,train
785,2,train
785,3,train
785,4,train
785,5,train
187,1,train
187,2,train
187,3,train
187,4,train
187,5,train
277,1,train
277,2,train
277,3,train
277,4,train
277,5,train
235,1,train
235,2,train
235,3,train
252,1,train
252,2,train
252,3,train
252,4,train
252,5,train
740,1,train
740,2,train
740,3,train
740,4,train
740,5,train
468,1,train
468,2,train
468,3,train
468,4,train
468,5,train
505,1,train
505,2,train
505,3,train
505,4,train
505,5,train
797,1,train
797,2,train
797,3,train
797,4,train
797,5,train
849,1,train
849,2,train
849,3,train
849,4,train
849,5,train
747,1,train
747,2,train
747,3,train
747,4,train
747,5,train
807,1,train
807,2,train
807,3,train
807,4,train
807,5,train
723,1,train
723,2,train
723,3,train
723,4,train
723,5,train
727,1,train
727,2,train
727,3,train
727,4,train
727,5,train
426,1,train
426,2,train
426,3,train
426,4,train
426,5,train
202,1,train
202,2,train
202,3,train
202,4,train
202,5,train
636,1,train
636,2,train
636,3,train
636,4,train
636,5,train
580,1,train
580,2,train
580,3,train
580,4,train
580,5,train
229,1,train
229,2,train
229,3,train
229,4,train
229,5,train
449,1,train
449,2,train
449,3,train
449,4,train
449,5,train
809,1,train
809,2,train
809,3,train
809,4,train
809,5,train
92,1,train
92,2,train
92,3,train
92,4,train
92,5,train
557,1,train
557,2,train
557,3,train
557,4,train
557,5,train
860,1,train
860,2,train
860,3,train
860,4,train
860,5,train
321,1,train
321,2,train
321,3,train
321,4,train
321,5,train
792,1,train
792,2,train
792,3,train
792,4,train
792,5,train
66,1,train
66,2,train
66,3,train
418,1,train
418,2,train
418,3,train
418,4,train
418,5,train
295,1,train
295,2,train
295,3,train
295,4,train
295,5,train
457,1,train
457,2,train
457,3,train
457,4,train
457,5,train
827,1,train
827,2,train
827,3,train
827,4,train
827,5,train
572,1,train
572,2,train
572,3,train
572,4,train
572,5,train
804,1,train
804,2,train
804,3,train
804,4,train
804,5,train
526,1,train
526,2,train
526,3,train
526,4,train
526,5,train
201,1,train
201,2,train
201,3,train
201,4,train
201,5,train
650,1,train
650,2,train
650,3,train
650,4,train
650,5,train
365,1,train
365,2,train
365,3,train
365,4,train
365,5,train
156,1,train
156,2,train
156,3,train
156,4,train
156,5,train
50,1,train
50,2,train
50,3,train
50,4,train
50,5,train
207,1,train
207,2,train
207,3,train
207,4,train
207,5,train
399,1,train
399,2,train
399,3,train
399,4,train
399,5,train
763,1,train
763,2,train
763,3,train
763,4,train
763,5,train
734,1,train
734,2,train
734,3,train
734,4,train
734,5,train
736,1,train
736,2,train
736,3,train
736,4,train
736,5,train
759,1,train
759,2,train
759,3,train
759,4,train
759,5,train
652,1,train
652,2,train
652,3,train
463,1,train
463,2,train
463,3,train
738,1,train
738,2,train
738,3,train
738,4,train
738,5,train
361,1,train
361,2,train
361,3,train
361,4,train
361,5,train
326,1,train
326,2,train
326,3,train
326,4,train
326,5,train
267,1,train
267,2,train
267,3,train
267,4,train
267,5,train
598,1,train
598,2,train
598,3,train
598,4,train
598,5,train
749,1,train
749,2,train
749,3,train
749,4,train
749,5,train
6,1,train
6,2,train
6,3,train
6,4,train
6,5,train
161,1,train
161,2,train
161,3,train
161,4,train
161,5,train
124,1,train
124,2,train
124,3,train
124,4,train
124,5,train
217,1,train
217,2,train
217,3,train
217,4,train
217,5,train
637,1,train
637,2,train
637,3,train
637,4,train
637,5,train
820,1,train
820,2,train
820,3,train
820,4,train
820,5,train
629,1,train
629,2,train
629,3,train
629,4,train
629,5,train
255,1,train
255,2,train
255,3,train
255,4,train
255,5,train
516,1,train
516,2,train
516,3,train
516,4,train
516,5,train
325,1,train
325,2,train
325,3,train
325,4,train
325,5,train
72,1,train
72,2,train
72,3,train
72,4,train
72,5,train
779,1,train
779,2,train
779,3,train
779,4,train
779,5,train
451,1,train
451,2,train
451,3,train
451,4,train
451,5,train
211,1,train
211,2,train
211,3,train
211,4,train
211,5,train
420,1,train
420,2,train
420,3,train
420,4,train
420,5,train
579,1,train
579,2,train
579,3,train
63,1,train
63,2,train
63,3,train
63,4,train
63,5,train
241,1,train
241,2,train
241,3,train
241,4,train
241,5,train
284,1,train
284,2,train
284,3,train
284,4,train
284,5,train
364,1,train
364,2,train
364,3,train
364,4,train
364,5,train
446,1,train
446,2,train
446,3,train
446,4,train
446,5,train
30,1,train
30,2,train
30,3,train
30,4,train
30,5,train
240,1,train
240,2,train
240,3,train
240,4,train
240,5,train
309,1,train
309,2,train
309,3,train
309,4,train
309,5,train
767,1,train
767,2,train
767,3,train
767,4,train
767,5,train
743,1,train
743,2,train
743,3,train
743,4,train
743,5,train
218,1,train
218,2,train
218,3,train
218,4,train
218,5,train
36,1,train
36,2,train
36,3,train
36,4,train
36,5,train
842,1,train
842,2,train
842,3,train
842,4,train
842,5,train
331,1,train
331,2,train
331,3,train
331,4,train
331,5,train
517,1,train
517,2,train
517,3,train
517,4,train
517,5,train
709,1,train
709,2,train
709,3,train
709,4,train
709,5,train
714,1,train
714,2,train
714,3,train
714,4,train
714,5,train
710,1,train
710,2,train
710,3,train
710,4,train
710,5,train
564,1,train
564,2,train
564,3,train
564,4,train
564,5,train
247,1,train
247,2,train
247,3,train
247,4,train
247,5,train
127,1,train
127,2,train
127,3,train
127,4,train
127,5,train
323,1,train
323,2,train
323,3,train
323,4,train
323,5,train
93,1,train
93,2,train
93,3,train
93,4,train
93,5,train
89,1,train
89,2,train
89,3,train
89,4,train
89,5,train
552,1,train
552,2,train
552,3,train
552,4,train
552,5,train
823,1,train
823,2,train
823,3,train
823,4,train
823,5,train
337,1,train
337,2,train
337,3,train
337,4,train
337,5,train
200,1,train
200,2,train
200,3,train
200,4,train
200,5,train
56,1,train
56,2,train
56,3,train
56,4,train
56,5,train
119,1,train
119,2,train
119,3,train
119,4,train
119,5,train
481,1,train
481,2,train
481,3,train
481,4,train
481,5,train
272,1,train
272,3,train
272,4,train
272,5,train
14,1,train
14,2,train
14,3,train
14,4,train
14,5,train
466,1,train
466,2,train
466,3,train
466,4,train
466,5,train
720,1,train
720,2,train
720,3,train
208,1,train
208,2,train
208,3,train
208,4,train
208,5,train
13,1,train
13,2,train
13,3,train
146,1,train
146,2,train
146,3,train
146,4,train
146,5,train
227,1,train
227,2,train
227,3,train
227,4,train
227,5,train
362,1,train
362,2,train
362,3,train
362,4,train
362,5,train
643,1,train
643,2,train
643,3,train
643,4,train
643,5,train
818,2,train
818,3,train
818,4,train
818,5,train
315,1,train
315,2,train
315,3,train
315,4,train
315,5,train
613,1,train
613,2,train
613,3,train
67,1,train
67,2,train
67,3,train
67,4,train
67,5,train
628,1,train
628,2,train
628,3,train
628,4,train
628,5,train
456,1,train
456,2,train
456,3,train
456,4,train
456,5,train
138,1,train
138,2,train
138,3,train
138,4,train
138,5,train
622,1,train
622,2,train
622,3,train
622,4,train
622,5,train
857,1,train
857,2,train
857,3,train
857,4,train
857,5,train
504,1,train
504,2,train
504,3,train
504,4,train
504,5,train
116,1,train
116,2,train
116,3,train
116,4,train
116,5,train
271,1,train
271,2,train
271,3,train
271,4,train
271,5,train
568,1,train
568,2,train
568,3,train
568,4,train
568,5,train
478,1,train
478,2,train
478,3,train
478,4,train
478,5,train
851,1,train
851,2,train
851,3,train
851,4,train
851,5,train
646,1,train
646,2,train
646,3,train
646,4,train
646,5,train
614,1,train
614,2,train
614,3,train
614,4,train
614,5,train
318,1,train
318,2,train
318,3,train
318,4,train
318,5,train
332,1,train
332,2,train
332,3,train
475,1,train
475,2,train
475,3,train
475,4,train
475,5,train
356,1,train
356,2,train
356,3,train
356,4,train
356,5,train
431,1,train
431,2,train
431,3,train
431,4,train
431,5,train
682,1,train
682,2,train
682,3,train
682,4,train
682,5,train
731,1,train
731,2,train
731,3,train
731,4,train
731,5,train
533,1,train
533,2,train
533,3,train
533,4,train
533,5,train
774,1,train
774,2,train
774,3,train
774,4,train
774,5,train
800,1,train
800,2,train
800,3,train
800,4,train
800,5,train
480,1,train
480,2,train
480,3,train
480,4,train
480,5,train
561,1,train
561,2,train
561,3,train
199,1,train
199,2,train
199,3,train
199,4,train
199,5,train
655,1,train
655,2,train
655,3,train
160,1,train
160,2,train
160,3,train
160,4,train
160,5,train
183,1,train
183,2,train
183,3,train
183,4,train
183,5,train
633,1,train
633,2,train
633,3,train
633,4,train
633,5,train
671,1,train
671,2,train
671,3,train
555,1,train
555,2,train
555,3,train
799,1,train
799,2,train
799,3,train
799,4,train
799,5,train
703,1,train
703,2,train
703,3,train
703,4,train
703,5,train
223,1,train
223,2,train
223,3,train
223,4,train
223,5,train
452,1,train
452,2,train
452,3,train
452,4,train
452,5,train
308,1,train
308,2,train
308,3,train
308,4,train
308,5,train
667,1,train
667,2,train
667,3,train
667,4,train
667,5,train
382,1,train
382,2,train
382,3,train
382,4,train
382,5,train
641,1,train
641,2,train
641,3,train
641,4,train
641,5,train
796,1,train
796,2,train
796,3,train
796,4,train
796,5,train
16,1,train
16,2,train
16,3,train
16,4,train
16,5,train
514,1,train
514,2,train
514,3,train
514,4,train
514,5,train
562,1,train
562,2,train
562,3,train
562,4,train
562,5,train
400,1,train
400,2,train
400,3,train
400,4,train
400,5,train
766,1,train
766,2,train
766,3,train
766,4,train
766,5,train
209,1,train
209,2,train
209,3,train
209,4,train
209,5,train
48,1,train
48,2,train
48,3,train
48,4,train
48,5,train
705,1,train
705,2,train
705,3,train
705,4,train
705,5,train
594,1,train
594,2,train
594,3,train
594,4,train
594,5,train
770,1,train
770,2,train
770,3,train
770,4,train
770,5,train
521,1,train
521,2,train
521,3,train
521,4,train
521,5,train
460,1,train
460,2,train
460,3,train
460,4,train
460,5,train
724,1,train
724,2,train
724,3,train
724,4,train
724,5,train
167,1,train
167,2,train
167,3,train
167,4,train
167,5,train
178,1,train
178,2,train
178,3,train
178,4,train
178,5,train
228,1,train
228,2,train
228,3,train
228,4,train
228,5,train
445,1,train
445,2,train
445,3,train
445,4,train
445,5,train
441,1,train
441,2,train
441,3,train
441,4,train
441,5,train
336,1,train
336,2,train
336,3,train
336,4,train
336,5,train
509,1,train
509,2,train
509,3,train
509,4,train
509,5,train
795,1,train
795,2,train
795,3,train
795,4,train
795,5,train
186,1,train
186,2,train
186,3,train
186,4,train
186,5,train
575,1,train
575,2,train
575,3,train
575,4,train
575,5,train
712,1,train
712,2,train
712,3,train
712,4,train
712,5,train
341,1,train
341,2,train
341,3,train
341,4,train
341,5,train
133,1,train
133,2,train
133,3,train
133,4,train
133,5,train
198,1,train
198,2,train
198,3,train
198,4,train
198,5,train
454,1,train
454,2,train
454,3,train
454,4,train
454,5,train
746,1,train
746,2,train
746,3,train
746,4,train
746,5,train
1,1,train
1,2,train
1,3,train
1,4,train
1,5,train
158,1,train
158,2,train
158,3,train
158,4,train
158,5,train
787,1,train
787,2,train
787,3,train
787,4,train
787,5,train
97,1,train
97,2,train
97,3,train
97,4,train
97,5,train
617,1,train
617,2,train
617,3,train
617,4,train
617,5,train
329,1,train
329,2,train
329,3,train
329,4,train
329,5,train
173,1,train
173,2,train
173,3,train
173,4,train
173,5,train
525,1,train
525,2,train
525,3,train
525,4,train
525,5,train
495,1,train
495,2,train
495,3,train
495,4,train
495,5,train
104,1,train
104,2,train
104,3,train
104,4,train
104,5,train
508,1,train
508,2,train
508,3,train
508,4,train
508,5,train
781,1,train
781,2,train
781,3,train
781,4,train
781,5,train
615,1,train
615,2,train
615,3,train
615,4,train
615,5,train
813,1,train
813,2,train
813,3,train
813,4,train
813,5,train
59,1,train
59,2,train
59,3,train
59,4,train
59,5,train
312,1,train
312,2,train
312,3,train
312,4,train
312,5,train
392,1,train
392,2,train
392,3,train
392,4,train
392,5,train
7,1,train
7,2,train
7,3,train
7,4,train
7,5,train
679,1,train
679,2,train
679,3,train
679,4,train
679,5,train
856,1,train
856,2,train
856,3,train
856,4,train
856,5,train
90,1,train
90,2,train
90,3,train
90,4,train
90,5,train
334,1,train
334,2,train
334,3,train
334,4,train
334,5,train
132,1,train
132,2,train
132,3,train
132,4,train
132,5,train
41,1,train
41,2,train
41,3,train
41,4,train
41,5,train
537,1,train
537,2,train
537,3,train
537,4,train
537,5,train
197,1,train
197,2,train
197,3,train
197,4,train
197,5,train
416,1,train
416,2,train
416,3,train
416,4,train
416,5,train
569,1,train
569,2,train
569,3,train
569,4,train
569,5,train
54,1,train
54,2,train
54,3,train
589,1,train
589,2,train
589,3,train
589,4,train
589,5,train
385,1,train
385,2,train
385,3,train
385,4,train
385,5,train
690,1,train
690,2,train
690,3,train
690,4,train
690,5,train
674,1,train
674,2,train
674,3,train
674,4,train
674,5,train
397,1,train
397,2,train
397,3,train
397,4,train
397,5,train
24,1,train
24,2,train
24,3,train
24,4,train
24,5,train
644,1,train
644,2,train
644,3,train
644,4,train
644,5,train
490,1,train
490,2,train
490,3,train
490,4,train
490,5,train
627,1,train
627,2,train
627,3,train
627,4,train
627,5,train
270,1,train
270,2,train
270,3,train
270,4,train
270,5,train
665,1,train
665,2,train
665,3,train
665,4,train
665,5,train
81,1,train
81,2,train
81,3,train
81,4,train
81,5,train
367,1,train
367,2,train
367,3,train
367,4,train
367,5,train
224,1,train
224,2,train
224,3,train
176,1,train
176,2,train
176,3,train
176,4,train
176,5,train
135,1,train
135,2,train
135,3,train
135,4,train
135,5,train
386,1,train
386,2,train
386,3,train
386,4,train
386,5,train
141,1,train
141,2,train
141,3,train
141,4,train
141,5,train
817,1,train
817,2,train
817,3,train
817,4,train
817,5,train
2,1,train
2,2,train
2,3,train
802,1,train
802,2,train
802,3,train
802,4,train
802,5,train
500,1,train
500,2,train
500,3,train
500,4,train
500,5,train
125,1,train
125,2,train
125,3,train
125,4,train
125,5,train
351,1,train
351,2,train
351,3,train
351,4,train
351,5,train
563,1,train
563,2,train
563,3,train
563,4,train
563,5,train
344,1,train
344,2,train
344,3,train
344,4,train
344,5,train
438,1,train
438,2,train
438,3,train
438,4,train
438,5,train
305,1,train
305,2,train
305,3,train
305,4,train
305,5,train
354,1,train
354,2,train
354,3,train
258,1,train
258,2,train
258,3,train
258,4,train
258,5,train
421,1,train
421,2,train
421,3,train
421,4,train
421,5,train
784,1,train
784,2,train
784,3,train
784,4,train
784,5,train
844,1,train
844,2,train
535,1,train
535,2,train
535,3,train
535,4,train
535,5,train
33,1,train
33,2,train
33,3,train
33,4,train
33,5,train
582,1,train
582,2,train
582,3,train
582,4,train
582,5,train
25,1,train
25,5,train
168,1,train
168,2,train
168,3,train
168,4,train
168,5,train
658,1,train
658,2,train
658,3,train
658,4,train
658,5,train
595,1,train
595,2,train
595,3,train
595,4,train
595,5,train
632,1,train
632,2,train
632,3,train
632,4,train
632,5,train
684,1,train
684,2,train
684,3,train
684,4,train
684,5,train
262,1,train
262,2,train
262,3,train
262,4,train
262,5,train
310,1,train
310,2,train
310,3,train
310,4,train
310,5,train
316,1,train
316,2,train
316,3,train
316,4,train
316,5,train
136,1,train
136,2,train
136,3,train
136,4,train
136,5,train
106,1,train
106,2,train
106,3,train
106,4,train
106,5,train
783,1,train
783,2,train
783,3,train
783,4,train
783,5,train
491,1,train
491,2,train
491,3,train
491,4,train
491,5,train
843,1,train
843,2,train
843,3,train
843,4,train
843,5,train
285,1,train
285,2,train
285,3,train
285,4,train
285,5,train
134,1,train
134,2,train
134,3,train
134,4,train
134,5,train
327,1,train
327,2,train
327,3,train
327,4,train
327,5,train
192,1,train
192,2,train
192,3,train
448,1,train
448,2,train
448,3,train
448,4,train
448,5,train
335,1,train
335,2,train
335,3,train
335,4,train
335,5,train
576,1,train
576,2,train
576,3,train
576,4,train
576,5,train
484,1,train
484,2,train
484,3,train
484,4,train
484,5,train
338,1,train
338,2,train
338,3,train
338,4,train
338,5,train
691,1,train
691,2,train
691,3,train
691,4,train
691,5,train
810,1,train
810,2,train
810,3,train
810,4,train
810,5,train
455,1,train
455,2,train
455,3,train
455,4,train
455,5,train
850,1,train
850,2,train
850,3,train
850,4,train
850,5,train
602,1,train
602,4,train
602,5,train
245,1,train
245,2,train
245,3,train
245,4,train
245,5,train
442,1,train
442,2,train
442,3,train
442,4,train
442,5,train
412,1,train
412,2,train
412,3,train
412,4,train
412,5,train
34,1,train
34,2,train
34,3,train
34,4,train
34,5,train
233,1,train
233,2,train
233,3,train
233,4,train
233,5,train
538,1,train
538,2,train
538,3,train
538,4,train
538,5,train
98,1,train
98,2,train
98,3,train
98,4,train
98,5,train
761,1,train
761,2,train
761,3,train
761,4,train
761,5,train
82,1,train
82,2,train
82,3,train
82,4,train
82,5,train
427,1,train
427,2,train
427,3,train
427,4,train
427,5,train
588,1,train
588,2,train
588,3,train
588,4,train
588,5,train
597,1,train
597,2,train
597,3,train
597,4,train
597,5,train
150,1,train
150,2,train
150,3,train
150,4,train
150,5,train
333,1,train
333,2,train
333,3,train
333,4,train
333,5,train
649,1,train
649,2,train
649,3,train
649,4,train
649,5,train
355,1,train
355,2,train
355,3,train
355,4,train
355,5,train
286,1,train
286,2,train
286,3,train
286,4,train
286,5,train
483,1,train
483,2,train
483,3,train
483,4,train
483,5,train
616,1,train
616,2,train
616,3,train
616,4,train
616,5,train
647,1,train
647,2,train
647,3,train
647,4,train
647,5,train
179,1,train
179,2,train
179,3,train
179,4,train
179,5,train
707,1,train
707,2,train
707,3,train
707,4,train
707,5,train
806,1,train
806,2,train
806,3,train
806,4,train
806,5,train
339,1,train
339,2,train
339,3,train
339,4,train
339,5,train
177,1,train
177,2,train
177,3,train
177,4,train
177,5,train
486,1,train
486,2,train
486,3,train
486,4,train
486,5,train
266,1,train
266,2,train
266,3,train
266,4,train
266,5,train
393,1,train
393,2,train
393,3,train
393,4,train
393,5,train
377,1,train
377,2,train
377,3,train
377,4,train
377,5,train
112,1,train
112,2,train
112,3,train
112,4,train
112,5,train
159,1,train
159,2,train
159,3,train
159,4,train
159,5,train
458,1,train
458,2,train
458,3,train
458,4,train
458,5,train
753,1,train
753,2,train
753,3,train
753,4,train
753,5,train
363,1,train
363,2,train
363,3,train
363,4,train
363,5,train
469,1,train
469,2,train
469,3,train
469,4,train
469,5,train
288,1,train
288,2,train
288,3,train
288,4,train
288,5,train
497,1,train
497,2,train
497,3,train
497,4,train
497,5,train
527,1,train
527,2,train
527,3,train
527,4,train
527,5,train
764,1,train
764,2,train
764,3,train
764,4,train
764,5,train
144,1,train
144,2,train
144,3,train
144,4,train
144,5,train
574,1,train
574,2,train
574,3,train
574,4,train
574,5,train
65,1,train
65,2,train
65,3,train
65,4,train
65,5,train
319,1,train
319,2,train
319,3,train
587,1,train
587,2,train
587,3,train
587,4,train
587,5,train
153,1,train
153,2,train
153,3,train
153,4,train
153,5,train
696,1,train
696,2,train
696,3,train
330,1,train
330,2,train
330,3,train
110,1,train
110,2,train
110,3,train
110,4,train
110,5,train
5,1,train
5,2,train
5,3,train
5,4,train
5,5,train
798,1,train
798,2,train
798,3,train
798,4,train
798,5,train
476,1,train
476,2,train
476,3,train
476,4,train
476,5,train
76,1,train
76,2,train
76,3,train
76,4,train
76,5,train
409,1,train
409,2,train
409,3,train
409,4,train
409,5,train
61,1,train
61,2,train
61,3,train
61,4,train
61,5,train
553,1,train
553,2,train
553,3,train
553,4,train
553,5,train
75,1,train
75,2,train
75,3,train
75,4,train
75,5,train
821,1,train
821,2,train
821,3,train
821,4,train
821,5,train
693,1,train
693,2,train
693,3,train
693,4,train
693,5,train
166,1,train
166,2,train
166,3,train
166,4,train
166,5,train
479,1,train
479,2,train
479,3,train
479,4,train
479,5,train
8,1,train
8,2,train
8,3,train
8,4,train
8,5,train
357,1,train
357,2,train
357,3,train
357,4,train
357,5,train
578,1,train
578,2,train
578,3,train
578,4,train
578,5,train
403,1,train
403,2,train
403,3,train
403,4,train
403,5,train
520,1,train
520,2,train
520,3,train
520,4,train
520,5,train
546,1,train
546,2,train
546,3,train
546,4,train
546,5,train
752,1,train
752,2,train
752,4,train
242,1,train
242,2,train
242,3,train
242,4,train
242,5,train
726,1,train
726,2,train
726,3,train
726,4,train
726,5,train
221,1,train
221,2,train
221,3,train
221,4,train
221,5,train
408,1,train
408,2,train
408,3,train
408,4,train
408,5,train
730,1,train
730,2,train
730,3,train
730,4,train
730,5,train
165,1,train
165,2,train
165,3,train
52,1,train
52,3,train
52,4,train
52,5,train
171,1,train
171,2,train
171,3,train
328,1,train
328,2,train
328,3,train
220,1,train
220,2,train
220,3,train
220,4,train
220,5,train
786,1,train
786,2,train
786,3,train
786,4,train
786,5,train
825,1,train
825,2,train
825,3,train
825,4,train
825,5,train
203,1,train
203,2,train
203,3,train
203,4,train
203,5,train
547,1,train
547,2,train
547,3,train
547,4,train
547,5,train
372,1,train
372,2,train
372,3,train
372,4,train
372,5,train
352,1,train
352,2,train
352,3,train
771,1,train
771,2,train
771,3,train
38,1,train
38,2,train
38,3,train
38,4,train
38,5,train
762,1,train
762,2,train
762,3,train
762,4,train
762,5,train
772,1,train
772,2,train
772,3,train
772,4,train
772,5,train
182,1,train
182,2,train
182,3,train
182,4,train
182,5,train
181,1,train
181,2,train
181,3,train
181,4,train
181,5,train
429,1,train
429,2,train
429,3,train
429,4,train
429,5,train
43,1,train
43,2,train
43,3,train
43,4,train
43,5,train
350,1,train
350,2,train
350,3,train
350,4,train
350,5,train
834,1,train
834,2,train
834,3,train
834,4,train
834,5,train
78,1,train
78,2,train
78,3,train
78,4,train
78,5,train
467,1,train
467,2,train
467,3,train
467,4,train
467,5,train
230,1,train
230,2,train
230,3,train
230,4,train
230,5,train
433,1,train
433,2,train
433,3,train
433,4,train
433,5,train
269,1,train
269,2,train
269,3,train
269,4,train
269,5,train
668,1,train
668,2,train
668,3,train
668,4,train
668,5,train
782,1,train
782,2,train
782,3,train
782,4,train
782,5,train
343,1,train
343,2,train
343,3,train
343,4,train
343,5,train
12,1,train
12,2,train
12,3,train
12,4,train
12,5,train
631,1,train
631,2,train
631,3,train
631,4,train
631,5,train
732,1,train
732,2,train
732,3,train
732,4,train
732,5,train
107,1,train
107,2,train
107,3,train
107,4,train
107,5,train
49,1,train
49,2,train
49,3,train
49,4,train
49,5,train
560,1,train
560,2,train
560,3,train
152,1,train
152,2,train
152,3,train
152,4,train
152,5,train
428,1,train
428,2,train
428,3,train
428,4,train
428,5,train
662,1,train
662,2,train
662,3,train
662,4,train
662,5,train
195,1,train
195,2,train
195,3,train
195,4,train
195,5,train
19,1,train
19,2,train
19,3,train
19,4,train
19,5,train
74,1,train
74,2,train
74,3,train
74,4,train
74,5,train
401,1,train
401,2,train
401,3,train
401,4,train
401,5,train
600,1,train
600,2,train
600,3,train
600,4,train
600,5,train
440,1,train
440,2,train
440,3,train
440,4,train
440,5,train
432,1,train
432,2,train
432,3,train
210,1,train
210,2,train
210,3,train
53,1,train
53,2,train
53,3,train
53,4,train
53,5,train
471,1,train
471,2,train
471,3,train
471,4,train
471,5,train
414,1,train
414,2,train
414,3,train
414,4,train
414,5,train
378,1,train
378,2,train
378,3,train
378,4,train
378,5,train
275,1,train
275,2,train
275,3,train
275,4,train
275,5,train
819,1,train
819,2,train
819,3,train
281,1,train
281,2,train
281,3,train
281,4,train
281,5,train
777,1,train
777,2,train
777,3,train
777,4,train
777,5,train
461,1,train
461,2,train
461,3,train
739,1,train
739,2,train
739,3,train
739,4,train
739,5,train
645,1,train
645,2,train
645,3,train
645,4,train
645,5,train
695,1,train
695,2,train
695,3,train
695,4,train
695,5,train
487,1,train
487,2,train
487,3,train
487,4,train
487,5,train
298,1,train
298,2,train
298,3,train
298,4,train
298,5,train
729,1,train
729,2,train
729,3,train
729,4,train
729,5,train
543,1,train
543,2,train
543,3,train
543,4,train
543,5,train
131,1,train
131,2,train
131,3,train
131,4,train
131,5,train
101,1,train
101,2,train
101,3,train
101,4,train
101,5,train
129,1,train
129,2,train
129,3,train
129,4,train
129,5,train
184,1,train
184,2,train
184,3,train
184,4,train
184,5,train
360,1,train
360,2,train
360,3,train
360,4,train
360,5,train
190,1,train
190,2,train
190,3,train
190,4,train
190,5,train
702,1,train
702,2,train
702,3,train
702,4,train
702,5,train
676,1,train
676,2,train
676,3,train
676,4,train
676,5,train
253,1,train
253,2,train
253,3,train
253,4,train
253,5,train
293,1,train
293,2,train
293,3,train
293,4,train
293,5,train
387,1,train
387,2,train
387,3,train
387,4,train
387,5,train
584,1,train
584,2,train
584,3,train
118,1,train
118,2,train
118,3,train
118,4,train
118,5,train
294,1,train
294,2,train
294,3,train
294,4,train
294,5,train
322,1,train
322,2,train
322,3,train
322,4,train
322,5,train
623,1,train
623,2,train
623,3,train
623,4,train
623,5,train
742,1,train
742,2,train
742,3,train
742,4,train
742,5,train
380,1,train
380,2,train
380,3,train
380,4,train
380,5,train
639,1,train
639,2,train
639,3,train
639,4,train
639,5,train
780,1,train
780,2,train
780,3,train
780,4,train
780,5,train
373,1,train
373,2,train
373,3,train
373,4,train
373,5,train
264,1,train
264,2,train
264,3,train
264,4,train
264,5,train
604,1,train
604,2,train
604,3,train
604,4,train
604,5,train
805,1,train
805,2,train
805,3,train
805,4,train
805,5,train
143,1,train
143,2,train
143,3,train
143,4,train
143,5,train
683,1,train
683,2,train
683,3,train
683,4,train
683,5,train
670,1,train
670,2,train
670,3,train
670,4,train
670,5,train
756,1,train
756,2,train
756,3,train
756,4,train
756,5,train
115,1,train
115,2,train
115,3,train
115,4,train
115,5,train
532,1,train
532,2,train
532,3,train
532,4,train
532,5,train
566,1,train
566,2,train
566,3,train
566,4,train
566,5,train
430,1,train
430,2,train
430,3,train
430,4,train
430,5,train
596,1,train
596,2,train
596,3,train
596,4,train
596,5,train
675,1,train
675,2,train
675,3,train
675,4,train
675,5,train
681,1,train
681,2,train
681,3,train
681,4,train
681,5,train
302,1,train
302,3,train
687,1,train
687,2,train
687,3,train
687,4,train
687,5,train
261,1,train
261,2,train
261,3,train
261,4,train
261,5,train
496,1,train
496,2,train
496,3,train
496,4,train
496,5,train
57,1,train
57,2,train
57,3,train
57,4,train
57,5,train
858,1,train
858,2,train
858,3,train
858,4,train
858,5,train
120,1,train
120,2,train
120,3,train
120,4,train
120,5,train
126,1,train
126,2,train
126,3,train
126,4,train
126,5,train
513,1,train
513,2,train
513,3,train
513,4,train
513,5,train
358,1,train
358,2,train
358,3,train
358,4,train
358,5,train
531,1,train
531,2,train
531,3,train
531,4,train
531,5,train
324,1,train
324,2,train
324,3,train
324,4,train
324,5,train
148,1,train
148,2,train
148,3,train
148,4,train
148,5,train
62,1,train
62,2,train
62,3,train
708,1,train
708,2,train
708,3,train
708,4,train
708,5,train
511,1,train
511,2,train
511,3,train
511,4,train
511,5,train
824,1,train
824,2,train
824,3,train
824,4,train
824,5,train
685,1,train
685,2,train
685,4,train
685,5,train
304,1,train
304,2,train
304,3,train
304,4,train
304,5,train
205,1,train
205,2,train
205,3,train
205,4,train
205,5,train
689,1,train
689,2,train
689,3,train
689,4,train
689,5,train
157,1,train
157,2,train
157,3,train
157,4,train
157,5,train
530,1,train
530,2,train
530,3,train
530,4,train
530,5,train
180,1,train
180,2,train
180,3,train
699,1,train
699,2,train
699,3,train
699,4,train
699,5,train
250,1,train
250,2,train
250,3,train
250,4,train
250,5,train
32,1,train
32,2,train
32,3,train
32,4,train
32,5,train
388,1,train
388,2,train
388,3,train
388,4,train
388,5,train
105,1,train
105,2,train
105,3,train
395,1,train
395,2,train
395,3,train
395,4,train
395,5,train
113,1,train
113,2,train
113,3,train
765,1,train
765,2,train
765,3,train
765,4,train
765,5,train
366,1,train
366,2,train
366,3,train
366,4,train
366,5,train
37,1,train
37,2,train
37,3,train
21,1,train
21,2,train
21,3,train
21,4,train
21,5,train
443,1,train
443,2,train
443,3,train
443,4,train
443,5,train
353,1,train
353,2,train
353,3,train
353,4,train
353,5,train
522,1,train
522,2,train
522,3,train
522,4,train
522,5,train
473,1,train
473,2,train
473,3,train
473,4,train
473,5,train
634,1,train
634,2,train
634,3,train
634,4,train
634,5,train
450,1,train
450,2,train
450,3,train
450,4,train
450,5,train
44,1,train
44,2,train
44,3,train
44,4,train
44,5,train
559,1,train
559,2,train
559,3,train
558,1,train
558,2,train
558,3,train
379,1,train
379,2,train
379,3,train
379,4,train
379,5,train
172,1,train
172,2,train
172,3,train
172,4,train
172,5,train
189,1,train
189,2,train
189,3,train
95,1,train
95,2,train
95,3,train
95,4,train
95,5,train
635,1,train
635,2,train
635,3,train
635,4,train
635,5,train
20,1,train
20,2,train
20,3,train
847,1,train
847,2,train
847,3,train
847,4,train
847,5,train
383,1,train
383,2,train
383,3,train
383,4,train
383,5,train
419,1,train
419,2,train
419,3,train
419,4,train
419,5,train
77,1,train
77,2,train
77,3,train
69,1,train
69,2,train
69,3,train
69,4,train
69,5,train
499,1,train
499,2,train
499,3,train
499,4,train
499,5,train
389,1,train
389,2,train
389,4,train
389,5,train
248,1,train
248,2,train
248,3,train
248,4,train
248,5,train
280,1,train
280,2,train
280,3,train
280,4,train
280,5,train
524,1,train
524,2,train
524,3,train
524,4,train
524,5,train
64,1,train
64,2,train
64,3,train
599,1,train
599,2,train
599,3,train
599,4,train
599,5,train
494,1,train
494,2,train
494,3,train
494,4,train
494,5,train
121,1,train
121,2,train
121,3,train
121,4,train
121,5,train
735,1,train
735,2,train
735,3,train
735,4,train
735,5,train
840,1,train
840,2,train
840,3,train
345,1,train
345,2,train
345,3,train
345,4,train
345,5,train
313,1,train
313,2,train
313,3,train
313,4,train
313,5,train
47,1,train
47,2,train
47,3,train
47,4,train
47,5,train
346,1,train
346,2,train
346,3,train
346,4,train
346,5,train
22,1,train
22,2,train
22,3,train
22,4,train
22,5,train
541,1,train
541,2,train
541,3,train
238,1,train
238,2,train
238,3,train
238,4,train
238,5,train
716,1,train
716,2,train
716,3,train
716,4,train
716,5,train
243,1,train
243,2,train
243,3,train
320,1,train
320,2,train
320,3,train
320,4,train
320,5,train
289,1,train
289,2,train
289,5,train
175,1,train
175,2,train
175,3,train
175,4,train
175,5,train
493,1,train
493,2,train
493,3,train
493,4,train
493,5,train
625,1,train
625,2,train
625,3,train
625,4,train
625,5,train
406,1,train
406,2,train
406,3,train
406,4,train
406,5,train
470,1,train
470,2,train
470,3,train
470,4,train
470,5,train
303,1,train
303,2,train
303,3,train
669,1,train
669,2,train
669,3,train
669,4,train
669,5,train
523,1,train
523,2,train
523,3,train
523,4,train
523,5,train
571,1,train
571,2,train
571,3,train
571,4,train
571,5,train
848,1,train
848,2,train
848,3,train
848,4,train
848,5,train
502,1,train
502,2,train
502,3,train
439,1,train
439,2,train
439,3,train
439,4,train
439,5,train
464,1,train
464,2,train
464,3,train
459,1,train
459,2,train
459,3,train
459,4,train
459,5,train
717,1,train
717,2,train
717,3,train
717,4,train
717,5,train
87,1,train
87,2,train
87,3,train
87,4,train
87,5,train
833,1,train
833,2,train
833,3,train
833,4,train
833,5,train
501,1,train
501,2,train
501,3,train
501,4,train
501,5,train
492,1,train
492,2,train
492,3,train
492,4,train
492,5,train
415,1,train
415,2,train
415,3,train
415,4,train
415,5,train
257,1,train
257,2,train
257,3,train
257,4,train
257,5,train
368,1,train
368,2,train
368,3,train
368,4,train
368,5,train
91,1,train
91,2,train
91,3,train
91,4,train
91,5,train
297,1,train
297,2,train
297,3,train
297,4,train
297,5,train
0,1,train
0,2,train
0,3,train
0,4,train
0,5,train
745,1,train
745,2,train
745,3,train
745,4,train
745,5,train
254,1,train
254,2,train
254,3,train
254,4,train
254,5,train
482,1,train
482,2,train
482,3,train
482,4,train
482,5,train
299,1,train
299,2,train
299,3,train
299,4,train
299,5,train
256,1,train
256,2,train
256,3,train
256,4,train
256,5,train
719,1,train
719,2,train
719,3,train
719,4,train
719,5,train
317,1,train
317,2,train
317,3,train
317,4,train
317,5,train
151,1,train
151,2,train
151,3,train
151,4,train
151,5,train
347,1,train
347,2,train
347,3,train
347,4,train
347,5,train
307,1,train
307,2,train
307,3,train
307,4,train
307,5,train
603,1,train
603,2,train
603,3,train
603,4,train
603,5,train
700,1,train
700,2,train
700,3,train
700,4,train
700,5,train
803,1,train
803,2,train
803,3,train
803,4,train
803,5,train
831,1,train
831,2,train
831,3,train
831,4,train
831,5,train
826,1,train
826,2,train
826,3,train
826,4,train
826,5,train
216,1,train
216,2,train
216,3,train
216,4,train
216,5,train
435,1,train
435,2,train
435,3,train
435,4,train
435,5,train
96,1,train
96,2,train
96,3,train
96,4,train
96,5,train
775,1,train
775,2,train
775,3,train
775,4,train
775,5,train
139,1,train
139,2,train
139,3,train
139,4,train
139,5,train
444,1,train
444,2,train
444,3,train
444,4,train
444,5,train
556,1,train
556,2,train
556,3,train
556,4,train
556,5,train
605,1,train
605,2,train
605,3,train
605,4,train
605,5,train
548,1,train
548,2,train
548,3,train
548,4,train
548,5,train
375,1,train
375,2,train
375,3,train
375,4,train
375,5,train
274,1,train
274,2,train
274,3,train
274,4,train
274,5,train
212,1,train
212,2,train
212,3,train
212,4,train
212,5,train
